trade_date,pe,pb,div_yield,close
2016-03-18,38.3471,2.9066,0.8847,4960.6237
2016-03-25,39.2224,2.9551,0.8641,5078.4637
2016-04-01,40.2907,2.9823,0.8568,5140.6142
2016-04-08,40.4536,2.9931,0.8507,5168.6126
2016-04-15,42.6055,3.0916,0.8151,5371.3826
2016-04-22,40.3530,2.9138,0.8582,5044.5887
2016-04-29,41.0646,2.8916,0.8762,5050.1743
2016-05-06,40.8754,2.8699,0.8870,5032.0404
2016-05-13,39.1709,2.7501,0.9215,4786.7411
2016-05-20,39.2636,2.7527,0.9366,4800.2329
2016-05-27,39.4063,2.7596,0.9279,4817.6038
2016-06-03,41.4972,2.9067,0.8846,5109.0693
2016-06-08,41.5044,2.8997,0.9111,5110.6114
2016-06-17,41.0712,2.8703,0.8757,5061.5693
2016-06-24,40.8689,2.8558,0.8760,5029.2193
2016-07-01,42.3204,2.9556,0.8646,5216.7809
2016-07-08,43.4656,3.0369,0.9459,5365.3154
2016-07-15,44.2994,3.1000,0.9089,5476.8232
2016-07-22,43.8652,3.0637,0.9230,5420.4470
2016-07-29,42.5671,2.9731,0.9267,5237.7247
2016-08-05,42.4634,2.9650,0.9339,5239.7488
2016-08-12,43.0238,3.0115,0.9217,5331.4784
2016-08-19,44.0719,3.1057,0.8917,5524.0160
2016-08-26,43.3444,3.0452,0.8950,5453.5844
2016-09-02,43.2715,3.0218,0.8987,5422.3332
2016-09-09,43.8010,3.0516,0.8869,5499.5414
2016-09-14,42.7391,2.9743,0.9091,5352.5698
2016-09-23,43.3468,3.0099,0.8968,5433.8084
2016-09-30,43.0838,2.9799,0.9104,5390.4055
2016-10-14,44.3094,3.0570,0.8789,5541.2444
2016-10-21,44.3115,3.0765,0.8671,5574.5427
2016-10-28,42.3166,3.0444,0.8655,5578.3450
2016-11-04,41.1315,3.0380,0.8581,5613.9659
2016-11-11,42.0752,3.1065,0.8404,5731.2137
2016-11-18,42.1867,3.1125,0.8317,5749.3053
2016-11-25,42.7021,3.1463,0.8201,5811.4992
2016-12-02,42.1185,3.1006,0.8328,5732.0202
2016-12-09,41.8489,3.0744,0.8400,5699.2479
2016-12-16,40.4054,2.9693,0.8702,5510.5958
2016-12-23,40.2360,2.9487,0.8663,5472.9847
2016-12-30,40.2888,2.9399,0.8639,5475.0699
2017-01-06,40.9094,2.9732,0.8498,5555.0245
2017-01-13,39.7779,2.8859,0.8725,5400.2639
2017-01-20,39.5212,2.8785,0.8746,5349.2436
2017-01-26,40.1749,2.9250,0.8567,5423.7567
2017-02-03,40.0420,2.9151,0.8594,5406.2561
2017-02-10,40.6504,2.9693,0.8428,5527.2908
2017-02-17,40.2289,2.9647,0.8422,5515.5881
2017-02-24,40.8645,3.0304,0.8200,5644.7749
2017-03-03,39.5824,3.0108,0.8215,5617.1232
2017-03-10,39.7010,3.0238,0.8160,5639.6660
2017-03-17,39.9154,3.0490,0.8063,5688.1879
2017-03-24,40.2480,3.0908,0.7935,5755.6366
2017-03-31,38.5412,2.9982,0.8122,5614.0009
2017-04-07,39.2978,3.0737,0.7917,5755.5731
2017-04-14,38.2989,3.0246,0.8102,5677.1086
2017-04-21,36.7269,2.9298,0.8361,5505.0029
2017-04-28,34.4837,2.8477,0.8571,5440.4523
2017-05-05,33.1096,2.7758,0.8532,5352.4871
2017-05-12,32.1611,2.7034,0.9145,5194.8299
2017-05-19,32.7129,2.7511,0.8965,5295.3671
2017-05-26,32.0164,2.7016,0.9500,5198.8921
2017-06-02,31.7856,2.6851,0.9344,5152.3253
2017-06-09,32.8572,2.7753,0.9408,5335.3782
2017-06-16,32.8631,2.7874,1.0861,5349.3358
2017-06-23,32.9718,2.7976,1.0662,5380.6574
2017-06-30,33.4560,2.8411,1.0234,5462.9653
2017-07-07,33.7777,2.8805,1.0332,5522.1268
2017-07-14,33.2084,2.8437,1.1651,5445.2219
2017-07-21,32.8646,2.8205,1.1641,5402.2714
2017-07-28,33.0983,2.8401,1.1406,5453.9102
2017-08-04,32.9441,2.8255,1.1362,5443.5430
2017-08-11,32.6328,2.8023,1.1546,5406.1687
2017-08-18,33.3736,2.8718,1.1151,5563.6676
2017-08-25,32.9551,2.8643,1.1130,5579.8957
2017-09-01,32.4192,2.8982,1.1034,5697.5295
2017-09-08,32.6324,2.9123,1.0955,5741.0916
2017-09-15,32.7988,2.9251,1.0900,5780.7738
2017-09-22,32.7506,2.9220,1.0912,5767.7498
2017-09-29,32.8043,2.9233,1.0818,5778.0945
2017-10-13,33.4559,2.9838,1.0566,5899.8413
2017-10-20,32.8108,2.9417,1.0721,5809.1435
2017-10-27,32.0824,2.9491,1.0548,5890.1574
2017-11-03,30.2191,2.8380,1.0742,5758.5807
2017-11-10,31.1301,2.9188,1.0407,5935.2121
2017-11-17,30.0680,2.8182,1.0731,5731.5262
2017-11-24,29.5872,2.7704,1.0900,5640.8310
2017-12-01,29.5540,2.7653,1.0886,5632.6615
2017-12-08,29.1748,2.7262,1.1048,5562.7996
2017-12-15,29.3355,2.7329,1.0940,5593.7200
2017-12-22,29.4816,2.7435,1.0878,5614.1970
2017-12-29,29.5839,2.7419,1.0810,5614.3430
2018-01-05,30.3625,2.8174,1.0517,5765.0557
2018-01-12,30.4649,2.8241,1.0478,5789.3207
2018-01-19,29.8288,2.7784,1.0600,5697.9843
2018-01-26,30.4120,2.8285,1.0490,5804.5199
2018-02-02,28.7027,2.6742,1.1075,5472.2582
2018-02-09,26.2741,2.4499,1.2062,5028.0488
2018-02-14,27.1324,2.5285,1.1645,5205.2229
2018-02-23,27.8219,2.5912,1.1365,5326.2385
2018-03-02,28.5544,2.6337,1.1062,5424.3930
2018-03-09,29.3625,2.7033,1.0739,5577.9753
2018-03-16,28.9453,2.6701,1.0853,5530.9826
2018-03-23,27.3597,2.5355,1.1429,5249.3290
2018-03-30,27.7003,2.6125,1.1054,5453.6893
2018-04-04,27.2580,2.5800,1.1221,5393.6554
2018-04-13,27.2771,2.5812,1.1172,5397.1493
2018-04-20,26.2962,2.4988,1.1425,5244.5648
2018-04-27,25.6652,2.4771,1.1564,5232.9784
2018-05-04,25.6311,2.4745,1.1748,5267.5636
2018-05-11,26.1922,2.5297,1.1532,5378.4602
2018-05-18,26.2424,2.5449,1.1183,5409.8496
2018-05-25,26.0534,2.5269,1.1705,5356.3643
2018-06-01,25.2999,2.4588,1.2219,5197.3478
2018-06-08,25.3739,2.4854,1.2629,5214.5314
2018-06-15,24.6745,2.4248,1.3265,5066.9519
2018-06-22,23.3994,2.3022,1.3716,4808.1183
2018-06-29,23.3967,2.3000,1.4518,4801.7130
2018-07-06,22.3709,2.2022,1.5206,4591.1677
2018-07-13,23.2526,2.2964,1.3846,4786.2747
2018-07-20,23.0646,2.2853,1.4005,4760.5269
2018-07-27,23.2831,2.3100,1.3820,4818.4303
2018-08-03,21.7203,2.1597,1.4791,4505.9551
2018-08-10,22.0555,2.1980,1.4525,4602.7659
2018-08-17,20.8075,2.0839,1.5262,4374.2694
2018-08-24,20.7619,2.0998,1.5452,4428.7181
2018-08-31,20.5415,2.0743,1.5204,4409.8927
2018-09-07,20.3400,2.0525,1.5344,4358.2425
2018-09-14,19.9702,2.0164,1.5636,4272.6633
2018-09-21,20.6839,2.0880,1.5095,4418.7384
2018-09-28,20.7155,2.0899,1.5170,4421.9253
2018-10-12,18.7953,1.8956,1.6728,3995.6882
2018-10-19,18.1962,1.8390,1.7200,3865.7326
2018-10-26,18.3161,1.8508,1.7113,3922.0272
2018-11-02,19.1393,1.9007,1.6392,4100.1856
2018-11-09,18.7944,1.8658,1.6683,4032.0511
2018-11-16,19.7839,1.9628,1.5844,4260.7771
2018-11-23,18.8356,1.8685,1.6650,4051.6950
2018-11-30,18.8811,1.8731,1.6609,4064.1837
2018-12-07,19.1060,1.8948,1.6497,4107.3083
2018-12-14,18.9330,1.8986,1.6636,4062.1751
2018-12-21,18.3809,1.8412,1.7147,3937.5669
2018-12-28,18.1759,1.8215,1.7309,3893.7616
2019-01-04,18.2590,1.8300,1.7218,3920.0133
2019-01-11,18.7349,1.8779,1.6795,4027.1683
2019-01-18,18.9262,1.8947,1.6584,4073.5206
2019-01-25,18.8820,1.8893,1.6589,4061.7908
2019-02-01,18.8011,1.8785,1.6511,4035.8382
2019-02-15,19.7682,1.9747,1.5675,4254.8514
2019-02-22,21.2040,2.0743,1.4931,4475.8380
2019-03-01,23.9774,2.1972,1.4199,4732.2705
2019-03-08,24.3061,2.2294,1.4012,4825.3912
2019-03-15,24.9812,2.2880,1.3651,4950.9566
2019-03-22,25.8805,2.3693,1.3139,5145.6954
2019-03-29,25.5921,2.3516,1.3188,5119.7471
2019-04-04,27.0180,2.4749,1.2537,5402.5922
2019-04-12,26.4611,2.4236,1.2807,5299.1914
2019-04-19,27.4320,2.4801,1.2633,5426.0494
2019-04-26,26.2759,2.3065,1.3725,5069.6360
2019-04-30,27.5210,2.2621,1.3691,5007.2522
2019-05-10,26.3362,2.1647,1.3977,4797.3024
2019-05-17,25.5904,2.1271,1.4362,4706.3029
2019-05-24,24.9724,2.0785,1.4750,4598.0137
2019-05-31,25.6416,2.1324,1.5703,4698.7197
2019-06-06,24.5805,2.0476,1.6783,4503.7490
2019-06-14,25.2349,2.1032,1.5786,4635.5783
2019-06-21,26.3461,2.1949,1.4806,4838.8337
2019-06-28,26.1600,2.1846,1.5447,4810.4962
2019-07-05,26.7729,2.2259,1.4546,4919.3162
2019-07-12,25.8169,2.1623,1.5526,4779.6973
2019-07-19,25.6957,2.1580,1.5019,4776.7935
2019-07-26,26.0859,2.1883,1.4953,4823.9207
2019-08-02,25.6708,2.1491,1.5177,4723.6195
2019-08-09,24.6941,2.0671,1.6070,4541.9204
2019-08-16,25.3157,2.1269,1.5910,4673.3205
2019-08-23,26.0357,2.1859,1.5484,4828.2294
2019-08-30,26.3118,2.1952,1.5010,4832.9972
2019-09-06,27.7407,2.2848,1.4392,5044.3131
2019-09-12,28.0419,2.3096,1.4238,5108.3595
2019-09-20,28.0019,2.3037,1.4215,5091.7393
2019-09-27,27.0239,2.2218,1.4780,4905.1360
2019-09-30,26.7757,2.2014,1.4861,4857.5799
2019-10-11,27.3722,2.2506,1.4591,4968.8664
2019-10-18,26.8409,2.2157,1.4773,4894.4631
2019-10-25,26.6605,2.2131,1.4660,4926.3643
2019-11-01,26.8896,2.1853,1.4545,4945.4874
2019-11-08,27.1103,2.2021,1.4416,4973.4649
2019-11-15,26.4328,2.1461,1.4746,4847.1746
2019-11-22,26.5388,2.1535,1.4760,4862.7425
2019-11-29,26.3500,2.1369,1.4861,4832.1578
2019-12-06,26.9898,2.1868,1.4490,4952.1050
2019-12-13,27.3851,2.2199,1.4216,5023.8620
2019-12-20,27.9195,2.2559,1.3942,5116.5305
2019-12-27,27.9720,2.2604,1.3902,5127.7706
2020-01-03,28.8941,2.3333,1.3453,5300.6673
2020-01-10,29.3263,2.3697,1.3181,5400.9029
2020-01-17,29.5608,2.3783,1.2991,5423.2221
2020-01-23,28.7200,2.3097,1.3400,5257.8105
2020-02-07,28.1428,2.2785,1.3545,5188.6097
2020-02-14,28.8090,2.3317,1.3229,5310.8483
2020-02-21,30.4740,2.4675,1.2487,5636.7413
2020-02-28,28.1563,2.3270,1.3135,5333.0220
2020-03-06,29.7357,2.4763,1.2363,5666.3479
2020-03-13,27.9701,2.3333,1.3085,5338.0135
2020-03-20,26.6684,2.2148,1.3767,5070.3477
2020-03-27,26.5945,2.2115,1.3770,5056.0483
2020-04-03,26.4121,2.2020,1.3719,5052.2408
2020-04-10,26.9905,2.2387,1.3346,5144.3834
2020-04-17,28.2136,2.2816,1.3044,5236.3353
2020-04-24,28.1580,2.2646,1.2992,5207.5991
2020-04-30,33.4558,2.2889,1.2911,5267.9440
2020-05-08,34.2919,2.3463,1.2533,5406.1401
2020-05-15,33.7883,2.3441,1.2517,5395.5563
2020-05-22,31.9257,2.2818,1.3036,5248.7707
2020-05-29,32.4243,2.3276,1.2917,5348.7356
2020-06-05,33.7725,2.4131,1.2393,5542.3417
2020-06-12,33.9976,2.4266,1.2723,5577.7365
2020-06-19,34.9671,2.4995,1.2892,5744.5714
2020-06-24,35.4234,2.5275,1.3589,5793.7830
2020-07-03,37.1393,2.6447,1.2464,6056.4121
2020-07-10,40.4411,2.9098,1.1810,6637.8350
2020-07-17,39.0284,2.7999,1.2098,6377.6553
2020-07-24,38.4634,2.7919,1.1678,6355.0803
2020-07-31,40.4375,2.9417,1.1068,6700.5476
2020-08-07,40.7522,2.9624,1.0921,6772.3557
2020-08-14,40.1881,2.9320,1.1233,6699.5531
2020-08-21,39.9947,2.9322,1.0998,6712.1841
2020-08-28,39.7902,2.9603,1.0755,6842.5079
2020-09-04,40.3129,2.9395,1.0811,6801.9292
2020-09-11,38.3818,2.7983,1.1353,6477.3295
2020-09-18,39.3162,2.8689,1.1079,6631.5048
2020-09-25,37.9195,2.7626,1.1544,6379.5660
2020-09-30,38.0484,2.7712,1.1429,6396.4111
2020-10-09,39.0815,2.8465,1.1114,6574.9080
2020-10-16,39.7194,2.8976,1.0848,6683.3185
2020-10-23,38.0481,2.8040,1.1158,6486.3021
2020-10-30,36.3808,2.7535,1.1135,6477.1203
2020-11-06,37.8130,2.8490,1.0764,6714.7365
2020-11-13,37.6835,2.8426,1.0866,6702.1497
2020-11-20,38.1894,2.8779,1.0673,6780.0984
2020-11-27,37.8434,2.8451,1.0829,6697.0221
2020-12-04,38.5587,2.8959,1.0620,6824.7420
2020-12-11,37.5696,2.8189,1.0877,6631.5352
2020-12-18,38.2471,2.8731,1.0645,6762.0876
2020-12-25,38.5920,2.8975,1.0539,6820.8797
2020-12-31,39.4641,2.9616,1.0296,6969.1821
2021-01-08,41.0025,3.0734,0.9919,7221.6093
2021-01-15,40.2964,3.0189,1.0092,7098.4356
2021-01-22,41.5276,3.1117,0.9734,7333.2076
2021-01-29,39.5155,2.9680,1.0190,6975.2002
2021-02-05,39.4106,2.9595,1.0216,6961.8527
2021-02-10,41.6574,3.1303,0.9640,7375.4678
2021-02-19,41.9088,3.1465,0.9588,7426.2166
2021-02-26,39.0329,2.9313,1.0248,6952.7837
2021-03-05,38.7962,2.9177,1.0277,6932.3654
2021-03-12,37.3738,2.8355,1.0575,6741.8707
2021-03-19,36.6762,2.8061,1.0680,6672.0217
2021-03-26,36.5500,2.8229,1.0588,6716.0277
2021-04-02,36.8731,2.8805,1.0365,6879.0467
2021-04-09,36.6339,2.8533,1.0469,6804.5372
2021-04-16,34.4762,2.8295,1.0538,6776.8428
2021-04-23,34.6481,2.8929,1.0317,6967.8655
2021-04-30,31.5425,2.8554,1.0448,6960.9562
2021-05-07,30.8963,2.7966,1.0576,6812.5643
2021-05-14,31.5173,2.8552,1.0432,6954.5748
2021-05-21,31.8650,2.8904,1.0566,7024.8078
2021-05-28,32.8453,2.9810,1.0430,7237.4359
2021-06-04,33.0315,3.0050,1.0355,7291.2895
2021-06-11,33.1142,3.0184,1.0601,7326.1644
2021-06-18,32.7863,2.9920,1.0611,7253.2641
2021-06-25,33.6542,3.0721,0.9817,7454.0272
2021-07-02,33.0722,3.0220,1.0095,7341.6373
2021-07-09,33.7340,3.0749,1.0566,7489.9614
2021-07-16,33.9173,3.1010,1.1094,7555.8002
2021-07-23,34.0869,3.1269,1.0562,7623.9876
2021-07-30,32.8349,3.0315,1.1122,7395.9264
2021-08-06,33.5107,3.1027,1.0813,7586.2227
2021-08-13,33.6607,3.1376,1.0602,7661.4960
2021-08-20,31.9855,2.9903,1.0820,7399.7699
2021-08-27,32.5002,3.0589,1.0841,7624.6264
2021-09-03,31.4222,3.0250,1.0863,7592.7962
2021-09-10,32.5154,3.1246,1.0491,7864.3842
2021-09-17,31.7971,3.0546,1.0741,7678.2635
2021-09-24,31.7918,3.0536,1.0738,7669.0112
2021-09-30,31.2196,2.9984,1.0891,7534.1219
2021-10-08,31.3514,3.0075,1.0843,7570.2580
2021-10-15,31.1857,2.9956,1.1022,7545.0283
2021-10-22,31.2364,2.9951,1.1064,7571.3022
2021-10-29,30.9359,2.9312,1.1062,7558.3018
2021-11-05,31.0106,2.8892,1.1070,7529.6035
2021-11-12,31.6575,2.9480,1.0827,7701.5767
2021-11-19,32.0080,2.9797,1.0636,7766.8853
2021-11-26,32.2636,3.0041,1.0602,7834.5210
2021-12-03,32.5894,3.0301,1.0504,7909.8770
2021-12-10,32.9645,3.0611,1.0393,7981.3359
2021-12-17,32.9271,3.0366,1.0457,7903.2075
2021-12-24,32.6729,3.0089,1.0537,7824.6792
2021-12-31,33.0912,3.0457,1.0392,7937.1963
2022-01-07,31.1702,2.8703,1.0705,7686.9653
2022-01-14,30.9186,2.8404,1.0796,7610.8921
2022-01-21,30.4600,2.7962,1.0946,7481.4727
2022-01-28,29.0055,2.6589,1.1483,7099.9443
2022-02-11,29.3534,2.6833,1.1396,7131.9185
2022-02-18,29.8812,2.7346,1.1146,7304.2720
2022-02-25,29.8582,2.7296,1.1142,7311.4634
2022-03-04,29.4827,2.6979,1.1258,7210.3472
2022-03-11,28.0264,2.5893,1.1663,6937.8594
2022-03-18,27.4268,2.5414,1.1855,6827.0405
2022-03-25,27.1471,2.5187,1.2014,6731.4272
2022-04-01,28.0383,2.5291,1.1916,6780.9155
2022-04-08,27.6168,2.4838,1.2194,6637.0757
2022-04-15,26.8303,2.4173,1.2566,6450.1816
2022-04-22,25.1551,2.2780,1.3120,6132.8882
2022-04-29,24.6369,2.2175,1.3556,6058.0059
2022-05-06,24.9937,2.1919,1.3636,5991.4390
2022-05-13,25.9181,2.2762,1.3351,6230.4375
2022-05-20,26.6580,2.3412,1.3193,6411.1528
2022-05-27,26.4073,2.3245,1.3748,6327.0669
2022-06-02,27.2478,2.4095,1.3885,6554.1499
2022-06-10,28.0183,2.4838,1.3512,6741.8496
2022-06-17,28.3246,2.5179,1.3617,6866.1328
2022-06-24,28.7881,2.5744,1.3343,7033.8345
2022-07-01,29.1300,2.6148,1.3498,7139.5107
2022-07-08,29.0251,2.6122,1.3916,7129.0415
2022-07-15,28.2366,2.5548,1.4256,6933.3574
2022-07-22,28.5447,2.5860,1.3859,7020.6748
2022-07-29,28.4610,2.5776,1.3929,7007.0659
2022-08-05,28.3275,2.5700,1.4038,6981.0352
2022-08-12,28.6723,2.6083,1.3826,7097.5249
2022-08-19,28.5606,2.5962,1.3776,7083.3945
2022-08-26,27.9228,2.5324,1.3910,6925.1641
2022-09-02,27.8971,2.4334,1.4194,6753.0864
2022-09-09,28.4478,2.4866,1.4060,6876.8955
2022-09-16,27.0949,2.3671,1.4811,6527.6143
2022-09-23,26.6823,2.3288,1.5083,6400.5332
2022-09-30,26.0942,2.2732,1.5508,6241.5576
2022-10-14,26.8304,2.3403,1.5090,6439.3721
2022-10-21,26.3006,2.3144,1.5088,6381.5713
2022-10-28,25.0781,2.1969,1.5634,6121.6567
2022-11-04,27.4789,2.3310,1.4587,6563.1328
2022-11-11,27.3855,2.3227,1.4655,6549.5083
2022-11-18,27.4830,2.3279,1.4585,6579.1606
2022-11-25,27.1411,2.2984,1.4770,6457.5142
2022-12-02,27.8058,2.3532,1.4351,6621.9541
2022-12-09,28.1644,2.3808,1.4159,6705.6880
2022-12-16,27.7381,2.3450,1.4747,6601.4077
2022-12-23,26.5441,2.2432,1.5395,6306.0713
2022-12-30,26.8821,2.2721,1.5592,6397.5342
2023-01-06,27.7867,2.3397,1.5139,6590.4707
2023-01-13,28.1108,2.3654,1.4989,6657.9595
2023-01-20,28.9065,2.4273,1.4576,6852.8179
2023-02-03,29.3615,2.4579,1.4371,6950.9790
2023-02-10,29.3808,2.4559,1.4348,6952.8691
2023-02-17,28.9784,2.4197,1.4550,6839.8223
2023-02-24,29.1990,2.4444,1.4389,6903.2729
2023-03-03,29.6348,2.4748,1.4318,6962.9966
2023-03-10,28.7325,2.4054,1.4730,6759.5229
2023-03-17,28.4783,2.3987,1.4807,6705.6040
2023-03-24,28.9128,2.4271,1.4541,6843.8081
2023-03-31,28.9657,2.4203,1.4485,6869.6284
2023-04-07,29.6138,2.4669,1.4232,6993.2700
2023-04-14,29.3908,2.4556,1.4168,6944.6528
2023-04-21,29.1837,2.3851,1.4619,6741.0430
2023-04-28,29.4276,2.3490,1.4958,6702.9111
2023-05-05,29.6223,2.3225,1.4877,6630.6152
2023-05-12,29.1040,2.2819,1.5129,6515.2241
2023-05-19,29.2887,2.2994,1.5411,6576.7021
2023-05-26,28.9910,2.2768,1.5599,6506.8950
2023-06-02,29.2417,2.3030,1.5491,6568.5220
2023-06-09,28.6679,2.2873,1.5790,6486.8008
2023-06-16,29.4509,2.3569,1.5695,6717.7334
2023-06-21,28.8041,2.3086,1.6243,6578.2896
2023-06-30,28.6535,2.3263,1.6563,6606.7578
2023-07-07,28.4768,2.3208,1.6884,6564.4541
2023-07-14,28.7615,2.3575,1.6316,6648.2241
2023-07-21,28.1598,2.3134,1.6784,6514.0732
2023-07-28,28.5485,2.3574,1.6394,6637.4185
2023-08-04,28.6454,2.3722,1.6078,6689.6963
2023-08-11,27.7191,2.2956,1.6530,6470.2666
2023-08-18,27.1601,2.2379,1.6842,6307.0854
2023-08-25,26.5289,2.1654,1.7278,6105.3550
2023-09-01,28.4274,2.2174,1.6620,6334.4751
2023-09-08,28.1982,2.1990,1.6741,6278.9536
2023-09-15,28.1012,2.1910,1.6723,6233.5024
2023-09-22,28.1041,2.1908,1.6694,6238.4761
2023-09-28,28.0314,2.1855,1.6776,6231.4243
2023-10-13,27.8514,2.1722,1.6836,6204.4009
2023-10-20,26.5896,2.0779,1.7608,5916.0498
2023-10-27,27.0089,2.0989,1.7248,6054.9175
2023-11-03,27.2518,2.0978,1.7097,6118.2480
2023-11-10,27.5132,2.1160,1.6883,6194.9355
2023-11-17,27.6734,2.1328,1.6733,6252.5786
2023-11-24,27.4730,2.1173,1.6932,6190.1890
2023-12-01,27.4291,2.1131,1.7048,6166.9434
2023-12-08,26.9303,2.0742,1.7396,6044.1758
2023-12-15,26.6877,2.0551,1.7155,5982.6572
2023-12-22,26.2694,2.0249,1.7941,5866.9453
2023-12-29,26.9897,2.0798,1.7045,6026.6660
2024-01-05,26.2479,2.0220,1.7538,5829.2941
2024-01-12,25.8500,1.9912,1.7762,5745.8601
2024-01-19,25.1191,1.9362,1.8305,5567.1466
2024-01-26,25.2410,1.9452,1.8273,5555.5907
2024-02-02,22.9449,1.7685,2.0212,4987.6484
2024-02-08,24.2037,1.8659,1.9112,5292.1583
2024-02-23,25.4518,1.9618,1.8176,5570.8383
2024-03-01,26.2092,2.0068,1.7621,5736.1244
2024-03-08,26.3913,2.0225,1.7576,5740.8988
2024-03-15,26.7709,2.0550,1.7191,5883.7255
2024-03-22,26.8036,2.0496,1.7188,5888.2606
2024-03-29,26.4840,2.0223,1.7417,5794.7021
2024-04-03,26.4995,2.0392,1.7219,5856.7279
2024-04-12,25.8249,1.9896,1.7635,5698.0450
2024-04-19,25.6683,1.9814,1.7774,5641.9947
2024-04-26,26.1357,1.9955,1.7558,5754.8051
2024-04-30,26.8154,2.0017,1.7433,5829.8620
2024-05-10,27.2652,2.0346,1.7182,5926.9876
2024-05-17,27.1342,2.0286,1.7671,5913.6953
2024-05-24,26.4468,1.9809,1.8389,5749.6566
2024-05-31,26.4553,1.9856,1.8650,5741.1275
2024-06-07,25.9934,1.9591,1.9074,5616.0246
2024-06-14,25.9057,1.9653,1.8940,5629.8877
2024-06-21,25.5153,1.9427,1.9617,5537.8399
2024-06-28,25.0617,1.9145,2.0840,5423.9619
2024-07-05,24.7745,1.8959,1.9733,5354.5233
2024-07-12,24.9711,1.9217,2.0258,5427.9340
2024-07-19,24.9903,1.9289,1.9791,5432.9323
2024-07-26,24.1791,1.8694,2.0276,5277.1900
2024-08-02,24.2648,1.8769,2.0010,5315.0662
2024-08-09,23.6833,1.8422,2.0432,5224.9296
2024-08-16,23.5729,1.8397,2.0705,5204.3335
2024-08-23,22.9370,1.7897,2.1463,5067.3337
2024-08-30,23.4749,1.8048,2.0999,5168.3854
2024-09-06,23.2616,1.7529,2.1488,5029.5280
2024-09-13,22.7676,1.7171,2.2365,4928.5987
2024-09-20,23.0338,1.7366,2.2201,4985.6003
2024-09-27,26.2555,1.9808,1.9505,5731.6010
2024-09-30,28.8165,2.1739,1.7701,6310.9308
2024-10-11,27.5035,2.0778,1.8839,6021.2519
2024-10-18,28.1810,2.1326,1.8444,6213.8066
2024-10-25,28.7728,2.1811,1.8030,6423.7529
2024-11-01,29.5002,2.1231,1.8300,6364.0329
2024-11-08,31.4329,2.2631,1.7268,6821.2463
2024-11-15,30.3678,2.1852,1.7955,6562.7875
2024-11-22,29.7715,2.1422,1.8378,6429.6628
2024-11-29,30.3825,2.1860,1.7977,6566.7751
2024-12-06,31.0496,2.2332,1.7579,6715.0255
2024-12-13,31.0536,2.2332,1.7574,6714.5655
2024-12-20,30.7567,2.2138,1.8253,6634.7234
2024-12-27,30.6007,2.2028,1.8008,6561.1661
2025-01-03,28.6404,2.0614,1.9403,6092.5407
2025-01-10,28.2492,2.0340,1.9666,6030.2880
2025-01-17,29.2843,2.1063,1.8981,6262.4824
2025-01-24,29.5063,2.1209,1.9318,6314.6829
2025-01-27,29.2924,2.1058,1.9533,6252.1065
2025-02-07,30.2782,2.1768,1.8840,6508.1673
2025-02-14,30.6761,2.2065,1.8582,6617.7526
2025-02-21,31.3587,2.2596,1.8131,6781.9184
2025-02-28,30.7051,2.2005,1.8578,6600.1526
2025-03-07,31.4294,2.2504,1.8129,6775.4455
2025-03-14,31.8234,2.2802,1.7889,6868.1425
2025-03-21,31.0103,2.2321,1.8262,6718.3477
2025-03-28,30.3642,2.1954,1.8515,6617.9812
2025-04-03,30.6470,2.1725,1.8739,6529.6524
2025-04-11,29.4869,2.0883,1.9517,6245.2941
2025-04-18,29.5297,2.0895,1.9550,6245.1345
2025-04-25,30.1998,2.1017,1.9470,6327.0834
2025-04-30,31.6932,2.0786,1.9517,6340.1048
2025-05-09,32.3058,2.1217,1.8864,6481.6206
2025-05-16,32.4848,2.1358,1.8414,6516.1367
2025-05-23,32.3297,2.1270,1.8426,6472.3808
2025-05-30,32.2962,2.1279,1.8507,6469.3729
2025-06-06,32.7094,2.1619,1.8150,6571.3139
2025-06-13,32.8602,2.1795,1.8754,6539.0337
2025-06-20,32.3203,2.1496,1.7889,6443.3549
2025-06-27,33.2234,2.2182,1.8148,6676.3324
2025-07-04,33.5516,2.2435,1.7443,6748.5905
2025-07-11,33.9886,2.2801,1.7105,6863.4942
2025-07-18,34.5449,2.3198,1.6992,6984.3556
2025-07-25,35.2786,2.3793,1.6294,7164.0402
2025-08-01,34.3735,2.3296,1.6343,7091.6049
2025-08-08,34.9130,2.3712,1.6216,7234.0585
2025-08-15,35.7954,2.4339,1.5618,7466.9480
2025-08-22,37.1179,2.5242,1.4880,7779.0498
2025-08-29,38.1045,2.5592,1.4516,7967.2632
2025-09-05,37.8633,2.5262,1.4941,7872.5709
2025-09-12,38.7454,2.5857,1.4398,8068.0467
2025-09-19,38.8686,2.5861,1.4470,8097.7229
2025-09-26,38.9301,2.5915,1.4635,8122.8296
2025-09-30,39.6788,2.6413,1.4400,8300.2024
2025-10-10,39.6105,2.6364,1.4428,8261.0918
2025-10-17,38.0763,2.5430,1.5097,7915.2328
2025-10-24,39.0557,2.6171,1.4740,8208.1090
2025-10-31,39.1041,2.5908,1.4626,8263.5528
2025-11-07,39.3305,2.6055,1.4580,8306.1203
2025-11-14,39.1135,2.5952,1.4721,8250.2547
2025-11-21,37.1085,2.4610,1.5611,7795.5546
2025-11-28,38.1292,2.5285,1.5139,8056.1582
2025-12-05,38.3906,2.5459,1.5010,8115.7216
2025-12-12,38.4272,2.5486,1.5004,8145.8866
2025-12-19,38.4167,2.5353,1.5481,8108.3529
2025-12-26,39.4803,2.6197,1.4710,8359.4996
2025-12-31,39.5007,2.6175,1.4644,8330.6827
2026-01-09,41.5936,2.7566,1.3927,8812.8940
2026-01-16,42.0149,2.7812,1.3851,8893.2773
2026-01-23,42.8194,2.8382,1.3536,9096.2491
2026-01-30,42.1189,2.7928,1.3518,8920.4050
2026-02-06,41.5585,2.7466,1.3762,8763.1619
2026-02-13,42.0685,2.7781,1.3704,8889.5726
2026-02-27,43.3514,2.8620,1.3269,9175.3623
2026-03-06,42.4860,2.8093,1.3543,8940.6712
2026-03-13,42.1811,2.8010,1.3593,8896.5410
2026-03-18,41.7317,2.7686,1.3721,8806.7624
